Order,Topic,Pages
1,Arithmetic,2
2,Algebra,3
3,Geometry,3
4,Trigonometry,2
5,Calculus,3
6,Linear Algebra,2
7,Differential Equations,3
8,Complex Analysis,3
9,Number Theory,2
10,Probability Theory,2
11,Statistics,2
12,Set Theory,2
13,Combinatorics,2
14,Graph Theory,2
15,Topology,2
16,Abstract Algebra,2
17,Real Analysis,2
18,Vector Calculus,2
19,Multivariable Calculus,2
20,Discrete Mathematics,2
21,Mathematical Logic,2
22,Mathematical Proof,2
23,Numerical Analysis,2
24,Group Theory,2
25,Ring Theory,2
26,Field Theory,2
27,Linear Programming,2
28,Non-Euclidean Geometry,2
29,Boolean Algebra,2
30,Mathematical Induction,2
31,Game Theory,3
32,Cryptography,6
33,Chaos Theory,4
34,Fractal Geometry,2
35,Optimization Theory,2
36,Functional Analysis,2
37,Measure Theory,2
38,Category Theory,2
39,Algebraic Geometry,2
40,Mathematical Statistics,2
